Time,Message
Mon Jun 19 14:45:39 2023,Index route accessed
Mon Jun 19 14:45:41 2023,New Todo item added: dasdsad
Mon Jun 19 14:45:41 2023,Index route accessed
Mon Jun 19 14:46:49 2023,Index route accessed
Mon Jun 19 14:46:51 2023,New Todo item added: dasd
Mon Jun 19 14:46:51 2023,Index route accessed
Mon Jun 19 14:46:53 2023,New Todo item added: new
Mon Jun 19 14:46:53 2023,Index route accessed
Mon Jun 19 14:47:49 2023,Index route accessed
Mon Jun 19 14:47:51 2023,Index route accessed
Mon Jun 19 14:47:58 2023,Index route accessed
Mon Jun 19 14:48:14 2023,Index route accessed
Mon Jun 19 14:51:02 2023,Index route accessed
Mon Jun 19 14:51:09 2023,Todo item 1 completed
Mon Jun 19 14:51:09 2023,Index route accessed
Mon Jun 19 14:51:11 2023,New Todo item added: dasdsa
Mon Jun 19 14:51:11 2023,Index route accessed
Mon Jun 19 14:51:13 2023,Todo item 12 deleted
Mon Jun 19 14:51:13 2023,Index route accessed
Mon Jun 19 14:51:13 2023,Todo item 11 deleted
Mon Jun 19 14:51:13 2023,Index route accessed
Mon Jun 19 14:51:13 2023,Todo item 10 deleted
Mon Jun 19 14:51:13 2023,Index route accessed
Mon Jun 19 15:06:50 2023,Index route accessed
Mon Jun 19 15:07:03 2023,Index route accessed
Mon Jun 19 15:07:05 2023,Index route accessed
Mon Jun 19 15:07:05 2023,Index route accessed
Mon Jan 27 22:41:56 2025,Index route accessed
Mon Jan 27 22:42:02 2025,New Todo item added: asdas
Mon Jan 27 22:42:02 2025,Index route accessed
Mon Jan 27 22:42:02 2025,New Todo item added: 
Mon Jan 27 22:42:02 2025,Index route accessed
Mon Jan 27 22:42:05 2025,Todo item 8 deleted
Mon Jan 27 22:42:05 2025,Index route accessed
Mon Jan 27 22:42:06 2025,Todo item 9 deleted
Mon Jan 27 22:42:06 2025,Index route accessed
Mon Jan 27 22:42:07 2025,Todo item 10 deleted
Mon Jan 27 22:42:07 2025,Index route accessed
Mon Jan 27 22:42:10 2025,Todo item 11 deleted
Mon Jan 27 22:42:10 2025,Index route accessed
Mon Jan 27 22:42:30 2025,New Todo item added: learn AI
Mon Jan 27 22:42:30 2025,Index route accessed
Mon Jan 27 22:42:34 2025,Todo item 2 completed
Mon Jan 27 22:42:34 2025,Index route accessed
Mon Jan 27 22:42:35 2025,Todo item 2 completed
Mon Jan 27 22:42:35 2025,Index route accessed
Mon Jan 27 22:42:35 2025,Todo item 2 completed
Mon Jan 27 22:42:35 2025,Index route accessed
Mon Jan 27 22:42:36 2025,Todo item 2 completed
Mon Jan 27 22:42:36 2025,Index route accessed
Thu Oct 30 17:17:12 2025,Index route accessed
Thu Oct 30 17:20:21 2025,Index route accessed
Thu Oct 30 17:20:39 2025,Index route accessed
Thu Oct 30 18:48:58 2025,Index route accessed
Thu Oct 30 18:48:59 2025,Index route accessed
Thu Oct 30 18:49:00 2025,Index route accessed
Thu Oct 30 18:49:01 2025,Index route accessed
Thu Oct 30 18:49:01 2025,Index route accessed
Thu Oct 30 18:49:01 2025,Index route accessed
